seq,start,end,sd
TTCTAGAAAAAAAATAAGGAGGTATGGCGAGCTCTGAAGACGTTATCAAAGAGTTCATGCGTTTCAAAGTTCGTATGGAA,24,,
TTCTAGAAAAAAAATAAGGAGGTAATGGCGAGCTCTGAAGACGTTATCAAAGAGTTCATGCGTTTCAAAGTTCGTATGGA,25,,
TTCTAGAAAAAAAATAAGGAGGTAAATGGCGAGCTCTGAAGACGTTATCAAAGAGTTCATGCGTTTCAAAGTTCGTATGG,26,,
TTCTAGAAAAAAAATAAGGAGGTAAAATGGCGAGCTCTGAAGACGTTATCAAAGAGTTCATGCGTTTCAAAGTTCGTATG,27,,
TTCTAGAAAAAAAATAAGGAGGTAAAAATGGCGAGCTCTGAAGACGTTATCAAAGAGTTCATGCGTTTCAAAGTTCGTAT,28,,
TTCTAGAAAAAAAATAAGGAGGTAAAAAATGGCGAGCTCTGAAGACGTTATCAAAGAGTTCATGCGTTTCAAAGTTCGTA,29,,
TTCTAGAAAAAAAATAAGGAGGTAAAAAAATGGCGAGCTCTGAAGACGTTATCAAAGAGTTCATGCGTTTCAAAGTTCGT,30,,
TTCTAGAAAAAAAATAAGGAGGTAAAAAAAATGGCGAGCTCTGAAGACGTTATCAAAGAGTTCATGCGTTTCAAAGTTCG,31,,
TTCTAGAAAAAAAATAAGGAGGTAAAAAAAAATGGCGAGCTCTGAAGACGTTATCAAAGAGTTCATGCGTTTCAAAGTTC,32,,
TTCTAGAAAAAAAATAAGGAGGTAAAAAAAAAATGGCGAGCTCTGAAGACGTTATCAAAGAGTTCATGCGTTTCAAAGTT,33,,
TTCTAGAAAAAAAATAAGGAGGTAAAAAAAAAAATGGCGAGCTCTGAAGACGTTATCAAAGAGTTCATGCGTTTCAAAGT,34,,
TTCTAGAAAAAAAATAAGGAGGTAAAAAAAAAAAAATGGCGAGCTCTGAAGACGTTATCAAAGAGTTCATGCGTTTCAAA,36,,
TTCTAGAAAAAAAATAAGGAGGTAAAAAAAAAAAAAAAATGGCGAGCTCTGAAGACGTTATCAAAGAGTTCATGCGTTTC,39,,
